Name,Long Name,Latitude,Longitude,Type,Status
MEL-0001,MEL-0001-DOCKLANDS DR (SOUTH),-37.814671,144.938586,Fibre,FUTURE
MEL-0008,MEL-0008-VICTOR HABOUR PROM,-37.815686,144.939954,Mesh,FUTURE
MEL-0051,MEL-0051-ELIZABETH ST & BOURKE ST,-37.814409,144.963048,Fibre,UP
MEL-0083,MEL-0083-179 Collins Street,-37.815209,144.967911,Fibre,UP
MEL-0203,MEL-0203-QUEENS BRIDGE,-37.821666,144.961152,Mesh,UP
MEL-0246,MEL-0246-KING ST,-37.811853,144.953493,Mesh,UP
MEL-0283,MEL-0283-201 Russell Street,-37.811786,144.967491,Fibre,UP
MEL-0301,MEL-0301-S/E Corner Lonsdale and Exhibition Streets,-37.810176,144.969844,Fibre,FUTURE
MEL-0372,MEL-0372-COLLINS ST,-37.818856,144.954272,Mesh,UP
MEL-0377,MEL-0377-DOCKLANDS DR (NORTH),-37.814173,144.938991,Mesh,FUTURE
MEL-0403,MEL-0403-LA TROBE ST,-37.812228,144.954318,Fibre,UP
MEL-0454,MEL-0454-SE  corner of Swanston St and Pelham St,-37.8026559,144.963798,Mesh,UP
MEL-0726,MEL-0726-EXHIBITION ST,-37.808624,144.968855,Fibre,FUTURE
MEL-1002,MEL-1002-SW Corner Flinders Lane & Elizabeth Street ,-37.8153517,144.963528,Fibre,UP
MEL-1004,MEL-1004-40 -50 Queen St,-37.8176755,144.962072,Fibre,UP
MEL-1009,MEL-1009-233 Collins Street ,-37.8157655,144.965997,Fibre,FUTURE
MEL-1012,MEL-1012-Oustide 1 Collins Street ,-37.8134902,144.973724,Fibre,FUTURE
MEL-1023,MEL-1023-Opposite 48 Nicholson Street ,-37.8055503,144.973469,Fibre,UP
BD-01-ArtGallery,BD-01-ArtGallery,-36.757711,144.276886,FIBRE,UP
BD-02-RosalindCafe,BD-02-RosalindCafe,-36.757496,144.277176,FIBRE,UP
BD-03-Goldendragon01,BD-03-GoldenDragonFoyer,-36.755124,144.282438,MBE,UP
BD-04-Goldendragon02,BD-04-GoldenDragon- Outdoor Entrance,-36.754979,144.282467,MBE,UP
BD-05-Tomflood01,BD-05-Tomflood01,-36.753403,144.280571,DSL,UP
BD-06-Tomflood02,BD-06-Tomflood02,-36.753351,144.280638,DSL,UP
BD-07-BarnardSt,BD-07-BarnardSt,-36.75134,144.281142,DSL,UP
BD-08-QueenElizabethOval,BD-08-QueenElizabethOval,-36.756008,144.2751,DSL,UP
BD-09-AquaticCentre,BD-09-AquaticCentre,-36.754578,144.276266,DSL,UP
BD-13-RailwayStation01,BD-13-RailwayStation01,-36.765756,144.282784,FIBRE,UP
BD-14-RailwayStation02,BD-14-RailwayStation02,-36.765562,144.282943,FIBRE,UP
BD-15-RailwayStation03,BD-15-RailwayStation03,-36.765777,144.282312,FIBRE,UP
BD-16-RSLRearRoof_RAP,BD-16-RSLRearRoof_RAP,-36.758456,144.2791,FIBRE,UP
BD-17-RSLEastSide,BD-17-RSLEastSide,-36.758558,144.279303,FIBRE,UP
BD-18-RSLWestSide,BD-18-RSLWestSide,-36.758714,144.279103,FIBRE,UP
BD-20-CnrBullHigh,BD-20-CnrBullHigh,-36.757783,144.281317,FIBRE,UP
BD-21-TaxiRank,BD-21-TaxiRank,-36.756847,144.282031,FIBRE,UP
BD-22-CnrHargreavesMundy,BD-22-CnrHargreavesMundy,-36.757639,144.283333,FIBRE,UP
BD-23-TownHall,BD-23-TownHall,-36.758533,144.282397,FIBRE,UP
BD-24-TownHall02,BD-24-TownHall02,-36.75883,144.281994,MESH,UP
BD-25-JaaraBuilding,BD-25-JaaraBuilding,-36.758753,144.283923,FIBRE,UP
BD-26-RoundQueenWilliam,BD-26-RoundQueenWilliam,-36.760197,144.281943,FIBRE,UP
BD-27-QueenStreet,BD-27-QueenStreet,-36.760681,144.281349,MESH,UP
BD-28-LyttletonTerrace01,BD-28-LyttletonTerrace01,-36.761008,144.281864,MESH,UP
BD-29-LyttletonTerrace02,BD-29-LyttletonTerrace02,-36.761877,144.281678,MESH,UP
BD-31-HargreavesMitchell,BD-31-HargreavesMitchell,-36.760444,144.279639,FIBRE,UP
BD-32-HargreavesMid_RAP,BD-32-HargreavesMid_RAP,-36.7599,144.28038,FIBRE,UP
BD-33-HargreavesWilliamson,BD-33-HargreavesWilliamson,-36.759551,144.281052,MESH,UP
BD-34-HargreavesEdwards,BD-34-HargreavesEdwards,-36.76182,144.277786,MESH,UP
BD-35-CnrQueenEdwards,BD-35-CnrQueenEdwards,-36.762673,144.278486,FIBRE,UP
BD-36-CharingCross,BD-36-CharingCross,-36.760074,144.277899,FIBRE,UP
BD-37-BathLane,BD-37-BathLane,-36.760639,144.278291,FIBRE,UP
BD-38-CnrHighView,BD-38-CnrHighView,-36.759152,144.278165,MESH,UP
BD-39-RuralFinanceBldg,BD-39-RuralFinanceBldg,-36.758309,144.276737,FIBRE,UP
BD-40-ArtGalleryIndoor,BD-40-ArtGalleryIndoor,-36.757465,144.276899,FIBRE,UP
BD-42-InformationBuilding,BD-42-InformationBuilding,-36.757985,144.280151,FIBRE,UP
BD-43-Tomflood03,BD-43-Tomflood03,-36.753281,144.281297,DSL,UP
BD-44-CentralDeborahGoldMine,BD-44-CentralDeborahGoldMine,-36.765075,144.269866,DSL,UP
BD-45-CnrQueenMitchell,BD-45-CnrQueenMitchell,-36.761452,144.280305,FIBRE,UP
BD-46-BullStreet,BD-46-BullStreet,-36.75828,144.281862,MESH,UP
BD-47-QueenStreet,BD-47-QueenStreet,-36.761998,144.27927,MESH,UP
BD-48-EdwardStreet,BD-48-EdwardStreet,-36.762152,144.278132,MESH,UP
BD-49-CnrKingEdward,BD-49-CnrKingEdward,-36.763203,144.27929,MESH,UP
BD-50-ShamrockHotel,BD-50-ShamrockHotel,-36.758581,144.280343,MESH,UP
BR-00-QueenVicSq_e_RAP,BR-00-QueenVicSq_e_RAP,-37.5619598,143.8567864,DSL+,UP
BR-00-QueenVicSqW,BR-00-QueenVicSqW,-37.5619333,143.8565615,DSL+,UP
BR-01-HFC-E,BR-01-526Wendouree_RAP,-37.543451,143.827397,HFC,UP
BR-02-HFC-E,BR-02-476Wendouree,-37.543356,143.831615,HFC,UP
BR-03-HFC-I,BR-03-448Wendouree,-37.543712,143.834402,HFC,UP
BR-04-HFC-I,BR-04-436Wendouree,-37.543872,143.83569,HFC,UP
BR-05-HFC-E,BR-05-404Wendouree,-37.544202,143.838912,HFC,UP
BR-07-HFC-I,BR-07-328Wendouree,-37.544872,143.841374,HFC,UP
BR-08-HFC-E,BR-08-306Wendouree,-37.545734,143.843907,HFC,UP
BR-09-HFC-I,BR-09-218Wendouree,-37.547162,143.844799,HFC,UP
BR-11-HFC-E,BR-11-204Wendouree,-37.549121,143.845216,HFC,UP
BR-12-HFC-E,BR-12-CnrWendoureeDevon,-37.551437,143.845023,HFC,UP
BR-13-HFC-I,BR-13-108Wendouree,-37.552402,143.84484,HFC,UP
BR-14-HFC-E,BR-14-241Mill,-37.553797,143.843504,HFC,UP
BR-15-HFC-I,BR-15-CnrWendoureeVictoria,-37.55491,143.842647,HFC,UP
BR-17-HFC-I,BR-17-13Wendouree,-37.556049,143.840602,HFC,UP
BR-18-HFC-E,BR-18-YatchClub,-37.555721,143.838876,HFC,UP
BR-19-HFC-E,BR-19-SaxonHouse_RAP,-37.55707,143.838382,HFC,UP
BR-20-HFC-I,BR-20-103Wendouree,-37.556605,143.836475,HFC,UP
BR-21-HFC-I,BR-21-CnrParkerWendouree,-37.556763,143.83382,HFC,UP
BR-22-HFC-I,BR-22-143Wendouree,-37.556555,143.832128,HFC,UP
BR-23-HFC-E,BR-23-CnrWendoureeDawson,-37.556756,143.829331,HFC,UP
BR-24-HFC-E,BR-24-301Wendouree,-37.555475,143.822377,HFC,UP
BR-25-HFC-E,BR-25-309Wendouree_RAP,-37.554873,143.822216,HFC,UP
BR-26-HFC-E,BR-26-315Wendouree_RAP,-37.553557,143.82212,HFC,UP
BR-27-HFC-I,BR-27-7Carlton,-37.553397,143.820913,HFC,UP
BR-28-HFC-I,BR-28-CnrCarltonGillies_RAP,-37.55324,143.81981,HFC,UP
BR-29-HFC-I,BR-29-14Gillies,-37.554531,143.819362,HFC,UP
BR-30-HFC-E,BR-30-Lydiard,-37.557779,143.858587,HFC,UP
BR-31-HFC-I,BR-31-MairCivicHall,-37.559417,143.855937,HFC,UP
BR-32-HFC-I,BR-32-CnrMairArmstrong,-37.559562,143.856975,HFC,UP
BR-33-HFC-E,BR-33-CnrMairLydiard,-37.559655,143.858335,HFC,UP
BR-34-HFC-I,BR-34-CnrMairCamp_RAP,-37.559772,143.85909,HFC,UP
BR-35-HFC-I,BR-35-24ArmstrongN,-37.560596,143.856636,HFC,UP
BR-36-HFC-E,BR-36-CnrLyonsSturt,-37.560979,143.852029,HFC,UP
BR-37-HFC-I,BR-37-2Dawson,-37.560915,143.853552,HFC,UP
BR-38-HFC-I,BR-38-CnrDovetonPencilmark_RAP,-37.561064,143.8548,HFC,UP
BR-39-HFC-E,BR-39-4ArmstrongN_RAP,-37.561281,143.85651,HFC,UP
BR-40-HFC-E,BR-40-CnrCattanGrenville,-37.561562,143.86069,HFC,UP
BR-41-HFC-I,BR-41-46Curtis_RAP,-37.561952,143.86262,HFC,UP
BR-42-HFC-I,BR-42-CnrPeelCurtis,-37.562069,143.863697,HFC,UP
BR-43-HFC-E,BR-43-McDonaldsCurtis,-37.562491,143.864685,HFC,UP
BR-44-HFC-I,BR-44-1Dawson,-37.562192,143.853273,HFC,UP
BR-45-HFC-E,BR-45-CnrDovetonSturt_RAP,-37.56214,143.854845,HFC,UP
BR-46-HFC-I,BR-46-CnrLewisAlbert,-37.56304,143.859105,HFC,UP
BR-47-HFC-I,BR-47-CnrGreenvilleLtlbridge,-37.563228,143.860619,HFC,UP
BR-48-HFC-E,BR-48-SeniorCitizensCentre_RAP,-37.563135,143.86131,HFC,UP
BR-49-HFC-E,BR-49-CnrPeelLtlbridge,-37.56336,143.863572,HFC,UP
BR-50-HFC-E,BR-50-CnrMainLtlbridge,-37.56313,143.864945,HFC,UP
BR-51-HFC-I,BR-51-CnrArmstrongSDana,-37.564033,143.855532,HFC,UP
BR-52-HFC-E,BR-52-CnLydiardDana,-37.564071,143.857182,HFC,UP
BR-54-HFC-E,BR-54-ScottSt_RAP,-37.652287,143.886893,HFC,UP
BR-55-FIBRE-E,BR-55-BotanicGdn01,-37.5464,143.82124,FIBRE,UP
BR-56-FIBRE-E,BR-56-BotanicGdn02,-37.546848,143.821183,FIBRE,UP
BR-57-POE-E,BR-57-ChanceryPl,-37.563124,143.856143,POE,UP
BR-58-POE-E,BR-58-PoliceLn_RAP,-37.560646,143.858486,POE,UP
BR-59-MESH,BR-59-BridgeMall01,-37.562455,143.86261,MESH,UP
BR-59-MESH-S,BR-59-BridgeMall01_Slave,-37.562457,143.86263,MESH,UP
BR-60-MESH,BR-60-BridgeMall02,-37.562422,143.861506,MESH,UP
BR-60-MESH-S,BR-60-BridgeMall02_Slave,-37.562424,143.861508,MESH,UP
BR-61-MESH,BR-61-BunninyongBotanicalGrdn,-37.652583,143.887236,MESH,UP
BR-62-MESH,BR-62-WendoureePdeP11O,-37.554338,143.822468,MESH,UP
BR-63-MESH,BR-63-111SturtSt,-37.561971,143.858361,MESH,UP
BR-64-MESH,BR-64-215SturtSt,-37.561879,143.857263,MESH,UP
BR-65-MESH,BR-65-307SturtSt,-37.561737,143.855504,MESH,UP
BR-66-MESH,BR-66-MairSt,-37.557181,143.837826,MESH,UP
BR-68-MESH,BR-68-LtlBridge,-37.563211,143.861997,MESH,UP
BR-69-MESH,BR-69-MESHWendouree,-37.544608,143.824958,MESH,UP
BR-70-MESH,BR-70-MESHWendouree,-37.544356,143.825696,MESH,UP
BR-72-MESH,BR-72-MESHWendouree,-37.543975,143.827269,MESH,UP
BR-74-MESH,BR-74-MESHWendouree,-37.552256,143.822488,MESH,UP
BR-76-MESH,BR-76-MESHWendouree,-37.551278,143.82219,MESH,UP
BR-81-MESH,BR-81- MESHWendouree,-37.55718838,143.827614,MESH,UP
BR-82-MESH,BR-82- MESHWendouree,-37.55713867,143.8282357,MESH,UP
BR-83-MESH,BR-83-LydiardNorth01,-37.5591403,143.8581477,MESH,UP
BR-84-MESH,BR-84-WendoureePdeSchool,-37.56357687,143.8575649,MESH,UP
BR-85-MESH,BR-85-413SturtSt,-37.56146828,143.8540882,MESH,UP
BR-87-MESH,BR-87-11SturtSt,-37.56227058,143.8601617,MESH,UP
BR-88-MESH,BR-88-LydiardSouth01,-37.56357689,143.8575649,MESH,UP
BR-89-MESH,BR-89-CnrSturtAlbert,-37.5623758,143.8593125,MESH,UP
BR-90-MESH,BR-90-LydiardSouth02,-37.56259798,143.8577294,MESH,UP
BR-91-MESH,BR-91-LydiardSt-Nth,-37.56058107,143.8578679,MESH,UP
MEL-0014,MEL-0014-HARBOUR ESP,-37.814895,144.944722,Fibre,UP
MEL-0015,MEL-0015-CORNER OF HARBOUR AND LATROBE ST,-37.815059,144.94542,Mesh,UP
MEL-0016,MEL-0016-LATROBE ST,-37.814718,144.946493,Fibre,UP
MEL-0017,MEL-0017-HARBOUR ESP,-37.816378,144.945281,Fibre,UP
MEL-0022,MEL-0022-S/W CORNER OF LATROBE AND SPENCER ST,-37.81332,144.951311,Fibre,UP
MEL-0025,MEL-0025-SPENCER ST,-37.815947,144.952891,Fibre,UP
MEL-0026,MEL-0026-SPENCER ST & BOURKE ST,-37.817134,144.953501,Fibre,UP
MEL-0028,MEL-0028-BOURKE ST,-37.816502,144.955676,Fibre,UP
MEL-0029,MEL-0029-KING ST,-37.815934,144.955639,Mesh,UP
MEL-0030,MEL-0030-KING ST,-37.814768,144.955139,Mesh,UP
MEL-0031,MEL-0031-LT COLLINS ST & KING ST,-37.817415,144.956375,Fibre,UP
MEL-0035,MEL-0035-BOURKE ST,-37.816143,144.956987,Fibre,UP
MEL-0037,MEL-0037-WILLIAM ST,-37.815144,144.958134,Mesh,UP
MEL-0038,MEL-0038-SE Corner of Bourke St & William St,-37.815699,144.95846,Fibre,UP
MEL-0042,MEL-0042-BOURKE ST,-37.815411,144.958768,Fibre,UP
MEL-0044,MEL-0044-LT COLLINS ST,-37.816213,144.960344,Mesh,UP
MEL-0045,MEL-0045-LT COLLINS ST,-37.816099,144.960778,Mesh,UP
MEL-0046,MEL-0046-SE Corner of Little Collins St & Queen St,-37.816019,144.961351,Fibre,UP
MEL-0053,MEL-0053-BOURKE ST,-37.814468,144.962738,Fibre,UP
MEL-0054,MEL-0054-BOURKE ST,-37.814734,144.961816,Fibre,UP
MEL-0058,MEL-0058-NW Corner of Little Bourke St & Queen St (200 Queen St),-37.813782,144.960304,Fibre,UP
MEL-0059,MEL-0059-QUEEN,-37.813089,144.959984,Fibre,UP
MEL-0060,MEL-0060-S/E CORNER OF WILLIAM ST & LONSDALE ST,-37.813863,144.957192,Mesh,UP
MEL-0061,MEL-0061-COLLINS ST,-37.816714,144.962148,Fibre,UP
MEL-0065,MEL-0065-ELIZABETH ST,-37.814681,144.963479,Fibre,UP
MEL-0075,MEL-0075-SW Corner of Bourke St & Swanston St,-37.813614,144.965584,Fibre,UP
MEL-0082,MEL-0082-COLLINS ST,-37.815468,144.966937,Mesh,UP
MEL-0084,MEL-0084-COLLINS ST,-37.815978,144.965116,Fibre,UP
MEL-0085,MEL-0085-COLLINS ST & ELIZABETH ST,-37.816294,144.964226,Fibre,UP
MEL-0095,MEL-0095-CORNER OF RUSSELL ST & Flinders Lane,-37.81561,144.969535,MESH,UP
MEL-0097,MEL-0097-S/W CORNER OF COLLINS ST and Russell Street,-37.814953,144.968807,Fibre,UP
MEL-0099,MEL-0099-RUSSELL ST,-37.813962,144.968775,Fibre,UP
MEL-0103,MEL-0103-101 Collins Street,-37.814217,144.970567,Fibre,UP
MEL-0105,MEL-0105-SE Corner Flinders St  & Malthouse Lane,-37.8151404,144.971708,Fibre,UP
MEL-0106,MEL-0106-EXHIBITION ST,-37.815076,144.972081,Fibre,UP
MEL-0108,MEL-0108-20-66 Flinders Lane,-37.814562,144.973317,Fibre,UP
MEL-0115,MEL-0115-FLINDERS,-37.816775,144.970184,Fibre,UP
MEL-0117,MEL-0117-WELLINGTON PDE,-37.81513,144.975026,Mesh,UP
MEL-0119,MEL-0119-WELLINGTON PDE,-37.815427,144.977637,Fibre,UP
MEL-0121,MEL-0121-WELLINGTON PDE,-37.81563,144.979364,Fibre,UP
MEL-0124,MEL-0124-SPRING ST,-37.812335,144.973641,Fibre,UP
MEL-0129,MEL-0129-SW corner of Treasury Place and Lansdwone St,-37.812699,144.977701,Fibre,UP
MEL-0133,MEL-0133-SPRING ST (Outside Parliament),-37.811925,144.973163,Mesh,UP
MEL-0134,MEL-0134-2 BOURKE ST,-37.811324,144.972807,Fibre,UP
MEL-0137,MEL-0137-LITTLE BOURKE ST,-37.810295,144.97242,Mesh,UP
MEL-0146,MEL-0146-N/W CORNER OF Spring Street and Londsdale Street,-37.809353,144.971893,Fibre,UP
MEL-0179,MEL-0179-WELLINGTON PDE & CLARENDON ST,-37.815943,144.98243,Fibre,UP
MEL-0182,MEL-0182-CLARENDON ST,-37.811794,144.983185,Fibre,UP
MEL-0201,MEL-0201-QUEENS BRIDGE,-37.820958,144.96126,Fibre,UP
MEL-0204,MEL-0204-NE CORNER FLINDERS & MARKET ST,-37.819132,144.961154,Fibre,UP
MEL-0207,MEL-0207-332 Flinders Street,-37.81843,144.963732,Fibre,UP
MEL-0213,MEL-0213-FLINDERS ST,-37.819637,144.959518,Fibre,UP
MEL-0214,MEL-0214-FLINDERS ST,-37.820534,144.956431,Mesh,UP
MEL-0215,MEL-FLINDERS ST,-37.820415,144.9578,Fibre,UP
MEL-0216,MEL-0216-FLINDERS ST,-37.820882,144.956091,Fibre,UP
MEL-0228,MEL-0228-NW CORNER SPENCER ST & FLINDERS ST,-37.820879,144.954746,Fibre,UP
MEL-0231,MEL-0231-HARBOUR ESP (EAST),-37.818812,144.946872,Fibre,UP
MEL-0232,MEL-0232-SPENCER ST,-37.819223,144.954102,Fibre,UP
MEL-0242,MEL-0242-HARBOUR ESP,-37.81788,144.945935,Fibre,UP
MEL-0244,MEL-0244-LA TROBE ST,-37.812333,144.953712,Mesh,UP
MEL-0249,MEL-0249-CORNER OF SINGER LN & LATROBE ST,-37.811443,144.957115,Mesh,UP
MEL-0251,MEL-0251-WILLIAM ST,-37.810629,144.955758,Mesh,UP
MEL-0252,MEL-0252-WILLIAM ST,-37.809962,144.955466,Fibre,UP
MEL-0256,MEL-0256-PEEL ST-QVicMarketShedE,-37.806834,144.955983,Fibre,UP
MEL-0259,MEL-0259-LATROBE ST,-37.810454,144.960476,Mesh,UP
MEL-0260,MEL-0260-SW CORNER OF LATROBE ST & ELIZABETH ST,-37.810463,144.961233,Fibre,UP
MEL-0261,MEL-0261-ELIZABETH ST,-37.810831,144.961467,Fibre,UP
MEL-0262,MEL-0262-ELIZABETH ST,-37.811543,144.961797,Fibre,UP
MEL-0264,MEL-0264-435-437 Elizabeth St,-37.808768,144.960482,Fibre,UP
MEL-0265,MEL-0265-473-481 Elizabeth Street,-37.807741,144.960053,Fibre,UP
MEL-0268,MEL-0268-SWANSTON ST,-37.809015,144.963439,Fibre,UP
MEL-0277,MEL-0277-ELIZABETH & LONSDALE ST,-37.812155,144.962079,Fibre,UP
MEL-0281,MEL-0281-LONSDALE ST,-37.811368,144.965792,Fibre,UP
MEL-0285,MEL-0285-141 Lonsdale Street,-37.810634,144.968269,Fibre,UP
MEL-0287,MEL-0287-LA TROBE ST,-37.808823,144.966787,Mesh,UP
MEL-0294,MEL-0294-ELIZABETH ST,-37.804472,144.958548,Fibre,UP
MEL-0298,MEL-0298-SWANSTON ST,-37.802139,144.963801,Fibre,UP
MEL-0302,MEL-0302-LONSDALE ST,-37.809829,144.970208,Mesh,UP
MEL-0306,MEL-0306-BOURKE ST & EXHIBITION ST,-37.812117,144.970777,Fibre,UP
MEL-0307,MEL-0307-59-69 Bourke St,-37.811909,144.971453,Mesh,UP
MEL-0309,MEL-0309-Outside 109 Little Collins Street ,-37.8133229,144.970228,Temporarily removed due to third parties,FUTURE
MEL-0311,MEL-0311-BOURKE ST,-37.812558,144.969238,Mesh,UP
MEL-0314,MEL-0314-192 Flinders Street,-37.816839,144.9692,Fibre,UP
MEL-0315,MEL-0315-SE CORNER  SWANSTON & FLINDERS,-37.8176424,144.967639,Fibre,UP
MEL-0319,MEL-0319-FLINDERS,-37.817997,144.965041,Fibre,UP
MEL-0320,MEL-0320-ELIZABETH ST,-37.817552,144.964837,Fibre,UP
MEL-0321,MEL-0321-ELIZABETH ST,-37.817014,144.964575,Mesh,UP
MEL-0328,MEL-0328-COLLINS ST & QUEEN,-37.816925,144.961806,Fibre,UP
MEL-0330,MEL-0330-45-55 William St (AJs Terrace),-37.818124,144.959207,Mesh,UP
MEL-0331,MEL-0331-COLLINS ST,-37.817457,144.960069,Mesh,UP
MEL-0333,MEL-0333-WILLIAM ST,-37.81865,144.959445,Fibre,UP
MEL-0335,MEL-0335-SW Corner of Collins St & King St,-37.818623,144.956661,Mesh,UP
MEL-0337,MEL-0337-SE CORNER KING ST & LITTLE BOURKE ST,-37.815439,144.955425,Fibre,UP
MEL-0338,MEL-0338-187-197 Elizabeth St,-37.813783,144.962826,Fibre,UP
MEL-0339,MEL-0339-215-217 Elizabeth St,-37.813431,144.962668,Fibre,UP
MEL-0341,MEL-0341-30 Flinders Street,-37.815264,144.97453,Fibre,UP
MEL-0342,MEL-0342-1 MacArthur Street,-37.812223,144.974559,Fibre,UP
MEL-0343,MEL-0343-SPRING ST,-37.810835,144.972687,Fibre,UP
MEL-0344,MEL-0344-MACARTHER STREET,-37.809657,144.975525,Fibre,UP
MEL-0347,MEL-0347-Corner WILLIAM ST & LATROBE ST,-37.811925,144.956338,Fibre,UP
MEL-0350,MEL-0350-NE Corner of Peel St and Victoria St (308 Victoria St),-37.805804,144.956199,Fibre,UP
MEL-0351,MEL-0351-222 Exhibition St,-37.810983,144.970184,Fibre,UP
MEL-0352,MEL-0352-15 Southern Cross Lane (113-149 Bourke St),-37.812335,144.969875,Fibre,UP
MEL-0353,MEL-0353-ELIZABETH ST,-37.816768,144.96446,Fibre,UP
MEL-0354,MEL-0354-SE CORNER COLLINS ST & WILLIAM,-37.817655,144.959385,Fibre,UP
MEL-0360,MEL-0360-NE Corner of Albert St and Gisbourne St (430 Albert St),-37.8095355,144.975958,Mesh,UP
MEL-0362,MEL-0362-624-628 BOURKE STREET,-37.816571,144.954649,Mesh,UP
MEL-0363,MEL-0363-BOURKE ST,-37.816093,144.957206,Fibre,UP
MEL-0365,MEL-0365-BOURKE ST,-37.815177,144.960264,Fibre,UP
MEL-0366,MEL-0366-BOURKE ST,-37.814623,144.962257,Mesh,UP
MEL-0369,MEL-0369-CLARENDON ST,-37.822407,144.955842,Fibre,UP
MEL-0370,MEL-0370-CLARENDON ST,-37.824018,144.956606,Mesh,UP
MEL-0375,MEL-0375-45 Collins St,-37.8138488,144.972526,Fibre,UP
MEL-0376,MEL-0376-S/W CORNER OF COLLINS ST AND EXHIBITION ST,-37.814,144.9719,Fibre,UP
MEL-0379,MEL-0379-489 Elizabeth St,-37.80733845,144.9599818,Mesh,UP
MEL-0382,MEL-0382-ELIZABETH ST,-37.8049716,144.958778,Mesh,UP
MEL-0385,MEL-0385-261 Elizabeth St,-37.81268,144.962319,Mesh,UP
MEL-0386,MEL-0386-ELIZABETH ST,-37.8156916,144.963976,Mesh,UP
MEL-0388,MEL-0388-NW Corner of Elizabeth St and A'Beckett St (415 Elizabeth St),-37.809144,144.960696,Mesh,UP
MEL-0389,MEL-0389-EXHIBITION ST,-37.8104294,144.970014,Mesh,UP
MEL-0392,MEL-0392-172 Flinders Street,-37.817054,144.968425,Fibre,UP
MEL-0394,MEL-0394-FLINDERS,-37.8166846,144.97054,Mesh,UP
MEL-0395,MEL-0395-FLINDERS,-37.816093,144.971761,Mesh,UP
MEL-0396,MEL-0396-MARKET ST,-37.818443,144.960569,Mesh,UP
MEL-0397,MEL-0397-FLINDERS ST,-37.819536,144.960664,Mesh,UP
MEL-0398,MEL-0398-HARBOUR ESP,-37.814296,144.944514,Mesh,UP
MEL-0399,MEL-0399-HARBOUR ESP,-37.81688,144.945504,Mesh,UP
MEL-0400,MEL-0400-HARBOUR ESP,-37.817379,144.94572,Mesh,UP
MEL-0405,MEL-0405-LA TROBE ST,-37.808868,144.965864,Fibre,UP
MEL-0406,MEL-0406-LA TROBE ST,-37.8086473,144.967244,Fibre,UP
MEL-0407,MEL-0407-LANDSDOWNE,-37.813265,144.977615,Mesh,UP
MEL-0408,MEL-0408-LANDSDOWNE,-37.81222,144.977778,Mesh,UP
MEL-0409,MEL-0409-LATROBE ST,-37.814304,144.946959,Mesh,UP
MEL-0412,MEL-0412-LONSDALE ST,-37.811467,144.965352,Mesh,UP
MEL-0414,MEL-0414-LONSDALE ST,-37.812027,144.962723,Mesh,UP
MEL-0415,MEL-0415-OPPOSITE 29-31 MARKET ST,-37.8187224,144.960908,Fibre,UP
MEL-0418,MEL-0418-PEEL ST-QVicMarketShedK ,-37.8073606,144.955833,Fibre,UP
MEL-0419,MEL-0419-PEEL ST-QVicMarketShedC    ,-37.8064983,144.955995,Fibre,UP
MEL-0420,MEL-0420-113-117 Peel St,-37.805316,144.955884,Mesh,UP
MEL-0421,MEL-0421-160 Queen Street ,-37.8148046,144.960754,Fibre,UP
MEL-0430,MEL-0430-RUSSELL ST,-37.812126,144.967701,Mesh,UP
MEL-0432,MEL-0432-LA TROBE ST,-37.809435,144.963961,Fibre,UP
MEL-0433,MEL-0433-SPENCER ST,-37.813555,144.951726,Mesh,UP
MEL-0434,MEL-0434-SPENCER ST,-37.814191,144.95207,Fibre,UP
MEL-0435,MEL-0435-SPENCER ST,-37.815524,144.952694,Mesh,UP
MEL-0436,MEL-0436-SPENCER ST,-37.81664,144.952918,Mesh,UP
MEL-0437,MEL-0437-SPENCER ST,-37.817879,144.953734,Mesh,UP
MEL-0438,MEL-0438-SPENCER ST,-37.818579,144.953995,Mesh,UP
MEL-0439,MEL-0439-SPENCER ST,-37.819609,144.954247,Mesh,UP
MEL-0440,MEL-0440-SPENCER ST,-37.820309,144.954859,Mesh,UP
MEL-0451,MEL-0451-NE corner of Swanston St and Victoria St,-37.8065478,144.963142,Fibre,UP
MEL-0452,MEL-0452-SWANSTON ST,-37.805656,144.963247,Mesh,UP
MEL-0453,MEL-0453-SWANSTON ST,-37.8044896,144.963448,Mesh,UP
MEL-0459,MEL-0459-WELLINGTON PDE,-37.815712,144.980167,Mesh,UP
MEL-0461,MEL-0461-WILLIAM ST,-37.816322,144.95841,Mesh,UP
MEL-0462,MEL-0462-WILLIAM ST,-37.814924,144.958063,Fibre,UP
MEL-0463,MEL-0463-WILLIAM ST,-37.81417,144.957367,Fibre,UP
MEL-0464,MEL-0464-WILLIAM ST,-37.813254,144.957287,Mesh,UP
MEL-0465,MEL-0465-WILLIAM ST,-37.81194,144.956663,Mesh,UP
MEL-0466,MEL-0466-WILLIAM ST,-37.811343,144.956297,Mesh,UP
MEL-0467,MEL-0467-WILLIAM ST,-37.8094918,144.955461,Mesh,UP
MEL-0469,MEL-0469-CLARENDON ST,-37.823643,144.956069,Fibre,UP
MEL-0470,MEL-0470-PEEL ST-QVicMarketShedA ,-37.80601,144.956085,Fibre,UP
MEL-0500,MEL-0500-Parliament Station - ML_Platform 1 & 2,-37.8122331,144.9742191,Fibre,UP
MEL-0501,MEL-0501-Parliament Station - ML_Platform 1 & 2,-37.8120871,144.9740154,Fibre,UP
MEL-0502,MEL-0502-Parliament Station - ML_Platform 1 & 2,-37.8111336,144.973527,Fibre,UP
MEL-0503,MEL-0503-Parliament Station - ML_Platform 1 & 2,-37.8106759,144.9734961,Fibre,UP
MEL-0504,MEL-0504-Parliament Station - ML_Platform 1 & 2,-37.81082,144.9731219,Fibre,UP
MEL-0505,MEL-0505-Parliament Station - ML_Platform 1 & 2,-37.8114134,144.9734041,Fibre,UP
MEL-0506,MEL-0506-Parliament Station - ML_Platform 1 & 2,-37.8113201,144.9737185,Fibre,UP
MEL-0507,MEL-0507-Parliament Station - ML_Platform 1 & 2,-37.8118668,144.9739411,Fibre,UP
MEL-0508,MEL-0508-Parliament Station - ML_Platform 3 & 4,-37.8116888,144.9735776,Fibre,UP
MEL-0509,MEL-0509-Parliament Station - ML_Platform 3 & 4,-37.8110404,144.9733053,Fibre,UP
MEL-0510,MEL-0510-Parliament Station - ML_Platform 3 & 4,-37.8115998,144.9739161,Fibre,UP
MEL-0511,MEL-0511-Parliament Station - ML_Platform 3 & 4,-37.8106308,144.9733072,Fibre,UP
MEL-0512,MEL-0512-Parliament Station - ML_Platform 3 & 4,-37.8103923,144.97301,Fibre,UP
MEL-0513,MEL-0513-Parliament Station - ML_Platform 3 & 4,-37.8114506,144.9736558,Fibre,UP
MEL-0514,MEL-0514-Parliament Station - ML_Platform 3 & 4,-37.8102755,144.9733339,Fibre,UP
MEL-0515,MEL-0515-Parliament Station - ML_Platform 3 & 4,-37.81095,144.9736343,Fibre,UP
MEL-0516,MEL-0516-Parliament Station - ML_ North Concourse,-37.8097984,144.972481,Fibre,UP
MEL-0517,MEL-0517-Parliament Station - ML_South Concourse,-37.8122049,144.9736933,Fibre,UP
MEL-0518,MEL-0518-Parliament Station - ML_South Concourse,-37.8123645,144.9738435,Fibre,UP
MEL-0519,MEL-0519-Flagstaff Station - ML_Platform 3 & 4,-37.812215,144.954093,Fibre,UP
MEL-0520,MEL-0520-Flagstaff Station - ML_Platform 3 & 4,-37.812135,144.954378,Fibre,UP
MEL-0521,MEL-0521-Flagstaff Station - ML_Platform 3 & 4,-37.812058,144.954635,Fibre,UP
MEL-0522,MEL-0522-Flagstaff Station - ML_Platform 3 & 4,-37.811969,144.955032,Fibre,UP
MEL-0523,MEL-0523-Flagstaff Station - ML_Platform 3 & 4,-37.811855,144.95537,Fibre,UP
MEL-0524,MEL-0524-Flagstaff Station - ML_Platform 3 & 4,-37.811774,144.955762,Fibre,UP
MEL-0525,MEL-0525-Flagstaff Station - ML_Platform 3 & 4,-37.811673,144.956116,Fibre,UP
MEL-0526,MEL-0526-Flagstaff Station - ML_Platform 3 & 4,-37.811927,144.956261,Fibre,UP
MEL-0527,MEL-0527-Flagstaff Station - ML_Platform 1 & 2,-37.812037,144.955939,Fibre,UP
MEL-0528,MEL-0528-Flagstaff Station - ML_Platform 1 & 2,-37.812179,144.955499,Fibre,UP
MEL-0529,MEL-0529-Flagstaff Station - ML_Platform 1 & 2,-37.812245,144.955199,Fibre,UP
MEL-0530,MEL-0530-Flagstaff Station - ML_Platform 1 & 2,-37.812308,144.954469,Fibre,UP
MEL-0531,MEL-0531-Flagstaff Station - ML_Platform 1 & 2,-37.812215,144.95478,Fibre,UP
MEL-0532,MEL-0532-Flagstaff Station - ML_Platform 1 & 2,-37.812071,144.955231,Fibre,UP
MEL-0533,MEL-0533-Flagstaff Station - ML_Platform 1 & 2,-37.811978,144.955633,Fibre,UP
MEL-0534,MEL-0534-Flagstaff Station - ML_Platform 1 & 2,-37.811851,144.956025,Fibre,UP
MEL-0535,MEL-0535-Flagstaff Station - ML_Concourse Area ,-37.812139,144.956132,Fibre,UP
MEL-0536,MEL-0536-Flagstaff Station - ML_Concourse Area ,-37.812266,144.956186,Fibre,UP
MEL-0537,MEL-0537-Flagstaff Station - ML_Concourse Area ,-37.812338,144.956089,Fibre,UP
MEL-0538,MEL-0538-Melbourne Central Station - ML_Platform 3 & 4,-37.810391,144.961899,Fibre,UP
MEL-0539,MEL-0539-Melbourne Central Station - ML_Platform 3 & 4,-37.810348,144.962113,Fibre,UP
MEL-0540,MEL-0540-Melbourne Central Station - ML_Platform 3 & 4,-37.810315,144.962269,Fibre,UP
MEL-0541,MEL-0541-Melbourne Central Station - ML_Platform 3 & 4,-37.810288,144.962434,Fibre,UP
MEL-0542,MEL-0542-Melbourne Central Station - ML_Platform 3 & 4,-37.810216,144.962652,Fibre,UP
MEL-0543,MEL-0543-Melbourne Central Station - ML_Platform 3 & 4,-37.810168,144.962788,Fibre,UP
MEL-0544,MEL-0544-Melbourne Central Station - ML_Platform 3 & 4,-37.810089,144.963013,Fibre,UP
MEL-0545,MEL-0545-Melbourne Central Station - ML_Platform 3 & 4,-37.810024,144.963224,Fibre,UP
MEL-0546,MEL-0546-Melbourne Central Station - ML_Platform 1 & 2,-37.809968,144.963197,Fibre,UP
MEL-0547,MEL-0547-Melbourne Central Station - ML_Platform 1 & 2,-37.810027,144.962976,Fibre,UP
MEL-0548,MEL-0548-Melbourne Central Station - ML_Platform 1 & 2,-37.81008,144.962801,Fibre,UP
MEL-0549,MEL-0549-Melbourne Central Station - ML_Platform 1 & 2,-37.810191,144.962556,Fibre,UP
MEL-0550,MEL-0550-Melbourne Central Station - ML_Platform 1 & 2,-37.8102,144.962407,Fibre,UP
MEL-0551,MEL-0551-Melbourne Central Station - ML_Platform 1 & 2,-37.810257,144.962195,Fibre,UP
MEL-0552,MEL-0552-Melbourne Central Station - ML_Platform 1 & 2,-37.81028,144.962072,Fibre,UP
MEL-0553,MEL-0553-Melbourne Central Station - ML_Platform 1 & 2,-37.810289,144.96194,Fibre,UP
MEL-0554,MEL-0554-Melbourne Central Station - ML_Concourse Area,-37.810115,144.962681,Fibre,UP
MEL-0555,MEL-0555-Melbourne Central Station - ML_Concourse Area,-37.810157,144.962685,Fibre,UP
MEL-0556,MEL-0556-Melbourne Central Station - ML_Concourse Area,-37.810171,144.962489,Fibre,UP
MEL-0557,MEL-0557-Melbourne Central Station - ML_Concourse Area,-37.810219,144.962478,Fibre,UP
MEL-0558,MEL-0558-Melbourne Central Station - ML_Concourse Area,-37.81021,144.96236,Fibre,UP
MEL-0559,MEL-0559-Southern Cross Station - SCS_Platform,-37.818651,144.951837,Fibre,UP
MEL-0560,MEL-0560-Southern Cross Station - SCS_Platform,-37.817999,144.951258,Fibre,UP
MEL-0561,MEL-0561-Southern Cross Station - SCS_Platform,-37.818503,144.951896,Fibre,UP
MEL-0562,MEL-0562-Southern Cross Station - SCS_Platform,-37.817969,144.951483,Fibre,UP
MEL-0563,MEL-0563-Southern Cross Station - SCS_Platform,-37.818422,144.952207,Fibre,UP
MEL-0564,MEL-0564-Southern Cross Station - SCS_Platform,-37.817914,144.951751,Fibre,UP
MEL-0565,MEL-0565-Southern Cross Station - SCS_Platform,-37.818363,144.952395,Fibre,UP
MEL-0566,MEL-0566-Southern Cross Station - SCS_Platform,-37.817799,144.95195,Fibre,UP
MEL-0567,MEL-0567-Southern Cross Station - SCS_Platform,-37.818198,144.952513,Fibre,UP
MEL-0568,MEL-0568-Southern Cross Station - SCS_Platform,-37.817651,144.952089,Fibre,UP
MEL-0569,MEL-0569-Southern Cross Station - SCS_Platform,-37.817994,144.952803,Fibre,UP
MEL-0570,MEL-0570-Southern Cross Station - SCS_Platform,-37.817617,144.952534,Fibre,UP
MEL-0571,MEL-0571-Southern Cross Station - SCS_Concourse,-37.816871,144.952669,Fibre,UP
MEL-0572,MEL-0572-Southern Cross Station - SCS_Concourse,-37.818884,144.953382,Fibre,UP
MEL-0573,MEL-0573-Southern Cross Station - SCS_Concourse (upstairs),-37.818962,144.953353,Fibre,UP
MEL-0574,MEL-0574-Flinders Street Station - ML_Platform1/2,-37.819002,144.965653,Fibre,UP
MEL-0575,MEL-0575-Flinders Street Station - ML_Platform1/2,-37.818875,144.9663,Fibre,UP
MEL-0576,MEL-0576-Flinders Street Station - ML_Platform1/2,-37.818816,144.966675,Fibre,UP
MEL-0577,MEL-0577-Flinders Street Station - ML_Platform3/4,-37.818774,144.965997,Fibre,UP
MEL-0578,MEL-0578-Flinders Street Station - ML_Platform3/4,-37.81868,144.966439,Fibre,UP
MEL-0579,MEL-0579-Flinders Street Station - ML_Platform3/4,-37.818606,144.966775,Fibre,UP
MEL-0580,MEL-0580-Flinders Street Station - ML_Platform5/6,-37.818621,144.966034,Fibre,UP
MEL-0581,MEL-0581-Flinders Street Station - ML_Platform5/6,-37.818547,144.966404,Fibre,UP
MEL-0582,MEL-0582-Flinders Street Station - ML_Platform5/6,-37.818462,144.966705,Fibre,UP
MEL-0583,MEL-0583-Flinders Street Station - ML_Platform7/8,-37.818492,144.9659,Fibre,UP
MEL-0584,MEL-0584-Flinders Street Station - ML_Platform7/8,-37.818371,144.9663355,Fibre,UP
MEL-0585,MEL-0585-Flinders Street Station - ML_Platform7/8,-37.818286,144.966638,Fibre,UP
MEL-0586,MEL-0586-Flinders Street Station - ML_Platform9/10,-37.818363,144.965846,Fibre,UP
MEL-0587,MEL-0587-Flinders Street Station - ML_Platform9/10,-37.818265,144.966182,Fibre,UP
MEL-0588,MEL-0588-Flinders Street Station - ML_Platform9/10,-37.818155,144.966557,Fibre,UP
MEL-0589,MEL-0589-Flinders Street Station - ML_Platform11/12,-37.818015,144.966541,Fibre,UP
MEL-0590,MEL-0590-Flinders Street Station - ML_Platform11/12,-37.818138,144.966077,Fibre,UP
MEL-0591,MEL-0591-Flinders Street Station - ML_Platform11/12,-37.818312,144.965519,Fibre,UP
MEL-0592,MEL-0592-Flinders Street Station - Concourse,-37.818496,144.967327,Fibre,UP
MEL-0593,MEL-0593-Flinders Street Station - Concourse,-37.818106,144.967112,Fibre,UP
MEL-0594,MEL-0594-Melbourne Visitors Centre - Federation Square,-37.817654,144.967807,Fibre,UP
MEL-0595,MEL-0595-Melbourne Visitors Centre - Federation Square,-37.817633,144.968018,Fibre,UP
MEL-0596,MEL-0596-Queen Victoria Market Shed L,-37.806363,144.957236,Fibre,UP
MEL-0597,MEL-0597-Queen Victoria Market Shed RK/RL,-37.806518,144.957054,Fibre,UP
MEL-0598,MEL-0598-Queen Victoria Market Shed K,-37.806732,144.957161,Fibre,UP
MEL-0599,MEL-0599-Queen Victoria Market Shed E,-37.806884,144.956919,Fibre,UP
MEL-0600,MEL-0600-Queen Victoria Market Shed D,-37.807113,144.957118,Fibre,UP
MEL-0601,MEL-0601-Queen Victoria Market Shed C,-37.807226,144.956871,Fibre,UP
MEL-0602,MEL-0602-Queen Victoria Market Shed B,-37.807476,144.956965,Fibre,UP
MEL-0603,MEL-0603-Queen Victoria Market Shed A,-37.807695,144.956825,Fibre,UP
MEL-0604,MEL-0604-Queen Victoria Market Shed I,-37.807165,144.958245,Fibre,UP
MEL-0605,MEL-0605-Bourke St Mall Tourist Info East,-37.81389,144.964444,Fibre,UP
MEL-0606,MEL-0606-Bourke St Mall Tourist Info West,-37.813916,144.964413,Fibre,UP
MEL-0607,MEL-0607-Bourke St Mall Tourist Info West,-37.813942,144.964382,Fibre,UP
MEL-0608,MEL-0608-Bourke St Mall Tourist Info West,-37.813968,144.964351,Fibre,UP
MEL-0609,MEL-0609-MCEC-Pole 1-South Wharf Promenade,-37.8244315,144.954832,Fibre,UP
MEL-0610,MEL-0610-MCEC Pole 2-South Wharf Promenade,-37.824188,144.954296,Fibre,UP
MEL-0611,MEL-0611-MCEC-Pole 3-South Wharf Promenade,-37.824016,144.954277,Fibre,UP
MEL-0612,MEL-0612-MCEC-Pole 4-South Wharf Promenade,-37.823912,144.954875,Fibre,UP
MEL-0613,MEL-0613-MCEC-Pole 5-South Wharf Promenade,-37.823804,144.95539,Fibre,UP
MEL-0614,MEL-0614-Fitzroy Garden Visitor Centre North ,-37.814856,144.979295,Fibre,UP
MEL-0615,MEL-0615-Fitzroy Garden Visitor Centre South,-37.814939,144.979361,Fibre,UP
MEL-0616,MEL-0616-Fitzroy Garden Visitor Centre,-37.815149,144.979291,Fibre,UP
MEL-0617,MEL-0617-Fitzroy Garden Visitor Centre,-37.814976,144.979259,Fibre,UP
MEL-0618,MEL-0618-Southern Cross Station - Bourke St Footbridge,-37.817667,144.951412,Fibre,UP
MEL-0619,MEL-0619-Southern Cross Station - Bourke St Footbridge,-37.817602,144.951649,Fibre,UP
MEL-0620,MEL-0620-Southern Cross Station - Bourke St Footbridge,-37.817542,144.951872,Fibre,UP
MEL-0621,MEL-0621-Southern Cross Station - Bourke St Footbridge,-37.817467,144.952136,Fibre,UP
MEL-0622,MEL-0622-Southern Cross Station - Bourke St Footbridge,-37.817389,144.952391,Fibre,UP
MEL-0623,MEL-0623-Southern Cross Station - Bourke St Footbridge,-37.81728,144.952604,Fibre,UP
MEL-0624,MEL-0624-Southern Cross Station - Bourke St Footbridge,-37.817275,144.95274,Fibre,UP
MEL-0625,MEL-0625-Southern Cross Station - SCS_Concourse,-37.819072,144.953155,Fibre,UP
MEL-0626,MEL-0626-Southern Cross Station - SCS_Concourse,-37.818987,144.95304,Fibre,UP
MEL-0627,MEL-0627-Southern Cross Station - SCS_Concourse,-37.818953,144.953192,Fibre,UP
MEL-0628,MEL-0628-Southern Cross Station - SCS_Concourse,-37.818864,144.95371,Fibre,UP
MEL-0629,MEL-0629-Southern Cross Station - SCS_Concourse,-37.818807,144.95367,Fibre,UP
MEL-0630,MEL-0630-Southern Cross Station - SCS_Concourse,-37.81853,144.953318,Fibre,UP
MEL-0631,MEL-0631-Southern Cross Station - SCS_Concourse,-37.818258,144.953179,Fibre,UP
MEL-0632,MEL-0632-Southern Cross Station - SCS_Concourse,-37.817621,144.95271,Fibre,UP
MEL-0633,MEL-0633-Southern Cross Station - SCS_Concourse,-37.817871,144.95316,Fibre,UP
MEL-0634,MEL-0634-Southern Cross Station - SCS_Concourse,-37.817676,144.952997,Fibre,UP
MEL-0635,MEL-0635-Southern Cross Station - SCS_Concourse,-37.818987,144.95272,Fibre,UP
MEL-0636,MEL-0636-Southern Cross Station - SCS_Concourse,-37.819028,144.952608,Fibre,UP
MEL-0637,MEL-0637-Southern Cross Station - SCS_Concourse,-37.819057,144.952495,Fibre,UP
MEL-0638,MEL-0638-Southern Cross Station - SCS_Concourse,-37.818854,144.953662,Fibre,UP
MEL-0639,MEL-0639-Flinders Street Station - Concourse,-37.817848,144.967073,Fibre,UP
MEL-0640,MEL-0640-Flinders Street Station - Concourse,-37.817954,144.967336,Fibre,UP
MEL-0641,MEL-0641-Flinders Street Station - Concourse,-37.818005,144.967245,Fibre,UP
MEL-0642,MEL-0642-Flinders Street Station - Concourse,-37.818521,144.96737,Fibre,UP
MEL-0643,MEL-0643-Flinders Street Station - Concourse,-37.818336,144.967272,Fibre,UP
MEL-0644,MEL-0644-Flinders Street Station - Concourse,-37.818181,144.967332,Fibre,UP
MEL-0671,MEL-0671-Flagstaff Station - ML Entrance,-37.811714,144.956102,Fibre,UP
MEL-0677,MEL-0677-Parliament Station - Entrance,-37.812179,144.973877,Fibre,UP
MEL-0678,MEL-0678-Parliament Station - Entrance,-37.811611,144.973025,Fibre,UP
MEL-0679,MEL-0679-Parliament Station - Entrance,-37.809415,144.972688,Fibre,UP
MEL-0680,MEL-0680-Parliament Station - Entrance,-37.809551,144.972315,Fibre,UP
MEL-0714,MEL-0714-BOURKE ST & EXHIBITION ST,-37.811973,144.970387,Fibre,UP
MEL-0715,MEL-0715-EXHIBITION ST,-37.812959,144.971049,Fibre,UP
MEL-0716,MEL-0716-COLLINS ST,-37.816283,144.963417,Fibre,UP
MEL-0725,MEL-0725-120 COLLINS ST,-37.814485,144.969561,Fibre,UP
MEL-0727,MEL-0727-265-275 Exhibition St,-37.80935,144.969195,Fibre,UP
MEL-0728,MEL-0728-159 Lonsdale Street,-37.810768,144.967855,Fibre,UP
MEL-0729,MEL-0729-LONSDALE ST,-37.810437,144.968193,Mesh,UP
MEL-0730,MEL-0730-RUSSELL ST & MACKENZIE STREET,-37.807634,144.965902,Fibre,UP
MEL-0733,MEL-0733-LA TROBE ST,-37.810823,144.960006,Fibre,UP
MEL-0734,MEL-0734-BOURKE ST,-37.813161,144.967215,Fibre,UP
MEL-0738,MEL-0738-45 Exhibition St (outside Collins Place),-37.814747,144.971896,Mesh,UP
MEL-0739,MEL-0739-102 EXHIBITION STREET,-37.813594,144.971158,Temporarily removed due to third parties,UP
MEL-0741,MEL-0741-QUEEN ST,-37.815791,144.960908,Fibre,FUTURE
MEL-0747,MEL-0747-ABECKETT,-37.809425,144.960001,Fibre,UP
MEL-0756,MEL-0756-MARKET,-37.818512,144.962156,Fibre,UP
MEL-0761,MEL-0761-LONSDALE ST,-37.812741,144.960298,Mesh,UP
MEL-0762,MEL-0762-QUEEN ST,-37.810597,144.958536,Fibre,UP
MEL-0765,MEL-0765-42-44 Lonsdale Street,-37.809659,144.970915,Fibre,UP
MEL-0766,MEL-0766-EXHIBITION ST,-37.811655,144.970239,Mesh,UP
MEL-0790,MEL-0790-562-566 LITTLE BOURKE ST MELBOURNE VIC 3000,-37.815158,144.955702,Fibre,UP
MEL-0800,MEL-0800-Parliament Station - ML_Platform 1 & 2,-37.8119503,144.9736839,Fibre,UP
MEL-0811,"MEL-0811-164 Bourke St, Melbourne VIC 3000",-37.8124967,144.968397,Fibre,UP
MEL-0815,"MEL-0815-99 Spring St, Melbourne",-37.812528,144.973335,Fibre,UP
MEL-0823,"MEL-0823-360 Little Bourke St, Melbourne",-37.81337,144.961967,Fibre,UP
MEL-0826,"MEL-0826-222 Bourke St,Melbourne",-37.81306,144.96655,Fibre,UP
MEL-0830,"MEL-0830-196 Lt Collins St, Melbourne (CH1)",-37.8140587,144.9674619,Fibre,UP
MEL-0842,"MEL-0842-28-32 Southgate Ave, Southbank",-37.820801,144.96761,Fibre,UP
MEL-0860,MEL-0860-Queen Victoria Market-Queen St,-37.806358,144.958387,Fibre,UP
MEL-0861,MEL-0861-Queen Victoria Market-Queen St,-37.806949,144.958277,Fibre,UP
MEL-0863,"MEL-0863-196 Lt Collins St, Melbourne (CH1)",-37.8141477,144.9671789,Fibre,UP
MEL-0900,MEL-0900-Melbourne Museum Plaza- Front Pole,-37.80364,144.970148,Fibre,UP
MEL-0901,MEL-0901-Melbourne Museum Plaza- Front Pole,-37.803741,144.970132,Fibre,UP
MEL-0902,MEL-0902-Melbourne Museum Plaza- Front Pole,-37.80379,144.970561,Fibre,UP
MEL-0903,MEL-0903-Melbourne Museum Plaza- Front Pole,-37.803843,144.97099,Fibre,UP
MEL-0904,MEL-0904-Melbourne Museum Plaza- Front Pole,-37.803887,144.971511,Fibre,UP
MEL-0905,MEL-0905-Melbourne Museum Plaza- Front Pole,-37.803919,144.971766,Fibre,UP
MEL-0906,MEL-0906-Melbourne Museum Plaza- Front Pole,-37.803962,144.972181,Fibre,UP
MEL-0907,MEL-0907-Melbourne Museum Plaza- Front Pole,-37.804008,144.972613,Fibre,UP
MEL-0908,MEL-0908-Melbourne Museum Plaza- Front Pole,-37.804068,144.973203,Fibre,UP
MEL-0909,MEL-0909-Melbourne Museum Plaza- Front Pole,-37.803968,144.973233,Fibre,UP
MEL-1000,MEL-1000-99  William St,-37.8169995,144.958664,Fibre,UP
MEL-1001,MEL-1001-525 Flinders St,-37.8205802,144.957177,Fibre,UP
MEL-1003,MEL-1003-Outside 376 Flinders Street,-37.8190615,144.961594,Fibre,UP
MEL-1005,MEL-1005-SE Corner Latrobe and Queens Streets,-37.811153,144.959103,Fibre,UP
MEL-1006,MEL-1006-Outside 399 Elizabeth Street ,-37.8095134,144.960851,Fibre,UP
MEL-1007,MEL-1007-27-37 RUSSELL ST,-37.8159811,144.969398,Fibre,UP
MEL-1008,MEL-1008-115 Russell Street,-37.8136919,144.968349,Fibre,UP
MEL-1010,MEL-1010-200 La Trobe St,-37.8096563,144.963221,Fibre,UP
MEL-1011,MEL-1011-Outside 51 Spring Street,-37.8137547,144.97402,Fibre,UP
MEL-1014,MEL-1014-50 BOURKE ST,-37.811675,144.971668,Fibre,UP
MEL-1015,"MEL-1015-8 Nicholson St,Melbourne",-37.8085912,144.973215,Fibre,UP
MEL-1016,MEL-1016-Outside 489 Albert Street,-37.8092406,144.973568,Fibre,UP
MEL-1017,MEL-1017-CARLTON GARDENS - NE corner of La Trobe and Victoria St,-37.8073609,144.970607,Fibre,UP
MEL-1018,MEL-1018-Corner Powlett Street & Wellington Parade,-37.8162778,144.984938,Fibre,UP
MEL-1019,MEL-1019-176 Wellington Parade Melbourne,-37.8161473,144.983932,Fibre,UP
MEL-1020,MEL-1020-Corner Elizabeth and Therry Streets,-37.8069552,144.959954,Fibre,UP
MEL-1021,MEL-1021-NE Corner Flinders and Spencer Streets ,-37.8208833,144.955351,Fibre,UP
MEL-1022,MEL-1022-300 Lonsdale Street ,-37.8118711,144.963309,Fibre,UP
MEL-1024,MEL-1024-Outside 288 Queen Street ,-37.8118134,144.959404,Fibre,UP
MEL-1025,MEL-1025-NE Corner Lonsdale and Russell Streets,-37.8106571,144.967319,Fibre,UP
